username,email,password,firstname,lastname,city,country,profile_field_gender
lindaanderson102,lindaanderson102@orange.net,Test123#,Linda,Anderson,Howell,US,male
maryrodriguez816,maryrodriguez816@yahoo.com,Test123#,Mary,Rodriguez,Highlands,US,female
josephgarcia898,josephgarcia898@orange.net,Test123#,Joseph,Garcia,Holmdel,US,female
susanwilliams12,susanwilliams12@orange.net,Test123#,Susan,Williams,Keansburg,US,male
josephmartinez951,josephmartinez951@yahoo.com,Test123#,Joseph,Martinez,Keyport,US,female
jennifergarcia803,jennifergarcia803@aol.com,Test123#,Jennifer,Garcia,Leonardo,US,male
lindataylor508,lindataylor508@orange.net,Test123#,Linda,Taylor,Lincroft,US,female
danielwilson613,danielwilson613@gmail.com,Test123#,Daniel,Wilson,Little Silver,US,female
patriciamartinez624,patriciamartinez624@gmail.com,Test123#,Patricia,Martinez,Long Branch,US,female
markwilson926,markwilson926@gmail.com,Test123#,Mark,Wilson,Marlboro,US,male
lindamoore678,lindamoore678@gmail.com,Test123#,Linda,Moore,Matawan,US,male
jennifermoore755,jennifermoore755@orange.net,Test123#,Jennifer,Moore,Middletown,US,female
susanjones110,susanjones110@orange.net,Test123#,Susan,Jones,Monmouth Beach,US,female
johnrodriguez340,johnrodriguez340@yahoo.com,Test123#,John,Rodriguez,Morganville,US,female
richardmartinez781,richardmartinez781@gmail.com,Test123#,Richard,Martinez,Navesink,US,male
danielmoore257,danielmoore257@yahoo.com,Test123#,Daniel,Moore,Neptune,US,female
patriciarodriguez522,patriciarodriguez522@gmail.com,Test123#,Patricia,Rodriguez,Neptune,US,male
lindamartin977,lindamartin977@aol.com,Test123#,Linda,Martin,Oakhurst,US,female
jenniferrodriguez406,jenniferrodriguez406@aol.com,Test123#,Jennifer,Rodriguez,Ocean Grove,US,female
patriciataylor801,patriciataylor801@yahoo.com,Test123#,Patricia,Taylor,Oceanport,US,female
thomaslee63,thomaslee63@aol.com,Test123#,Thomas,Lee,Port Monmouth,US,female
charleslee89,charleslee89@aol.com,Test123#,Charles,Lee,Rumson,US,male
jenniferthompson715,jenniferthompson715@orange.net,Test123#,Jennifer,Thompson,Spring Lake,US,female
lindathomas961,lindathomas961@orange.net,Test123#,Linda,Thomas,Tennent,US,female
patriciathomas359,patriciathomas359@gmail.com,Test123#,Patricia,Thomas,West Long Branch,US,male
patriciamartin955,patriciamartin955@aol.com,Test123#,Patricia,Martin,Wickatunk,US,male
jenniferwhite871,jenniferwhite871@yahoo.com,Test123#,Jennifer,White,Holmdel,US,male
jennifermartinez662,jennifermartinez662@yahoo.com,Test123#,Jennifer,Martinez,Eatontown,US,male
patriciawilson472,patriciawilson472@aol.com,Test123#,Patricia,Wilson,Dover,US,male
patriciaanderson281,patriciaanderson281@gmail.com,Test123#,Patricia,Anderson,Dover,US,male
barbarawilson24,barbarawilson24@yahoo.com,Test123#,Barbara,Wilson,Mine Hill,US,female
richardrodriguez495,richardrodriguez495@orange.net,Test123#,Richard,Rodriguez,Picatinny Arsenal,US,female
patriciamoore303,patriciamoore303@yahoo.com,Test123#,Patricia,Moore,Allamuchy,US,male
danielanderson177,danielanderson177@yahoo.com,Test123#,Daniel,Anderson,Andover,US,male
josephwilson404,josephwilson404@aol.com,Test123#,Joseph,Wilson,Augusta,US,female
danielwhite548,danielwhite548@aol.com,Test123#,Daniel,White,Belvidere,US,male
jenniferthomas426,jenniferthomas426@gmail.com,Test123#,Jennifer,Thomas,Blairstown,US,male
josephwhite59,josephwhite59@orange.net,Test123#,Joseph,White,Branchville,US,male
danielthompson968,danielthompson968@aol.com,Test123#,Daniel,Thompson,Montague,US,female
thomasthompson176,thomasthompson176@gmail.com,Test123#,Thomas,Thompson,Budd Lake,US,male
barbaraanderson430,barbaraanderson430@gmail.com,Test123#,Barbara,Anderson,Buttzville,US,female
lindawhite93,lindawhite93@gmail.com,Test123#,Linda,White,Califon,US,male
markthompson919,markthompson919@orange.net,Test123#,Mark,Thompson,Changewater,US,female
thomasjackson821,thomasjackson821@yahoo.com,Test123#,Thomas,Jackson,Columbia,US,female
josephmoore527,josephmoore527@orange.net,Test123#,Joseph,Moore,Delaware,US,female
lindathompson329,lindathompson329@yahoo.com,Test123#,Linda,Thompson,Denville,US,male
lindajackson465,lindajackson465@yahoo.com,Test123#,Linda,Jackson,Flanders,US,male
susandavis812,susandavis812@orange.net,Test123#,Susan,Davis,Glasser,US,female
elizabethwilson231,elizabethwilson231@aol.com,Test123#,Elizabeth,Wilson,Great Meadows,US,female
josephtaylor743,josephtaylor743@aol.com,Test123#,Joseph,Taylor,Greendell,US,female
richardjackson901,richardjackson901@orange.net,Test123#,Richard,Jackson,Hackettstown,US,male
barbarataylor597,barbarataylor597@orange.net,Test123#,Barbara,Taylor,Hibernia,US,male
josephrodriguez40,josephrodriguez40@gmail.com,Test123#,Joseph,Rodriguez,Hopatcong,US,female
lindalee259,lindalee259@yahoo.com,Test123#,Linda,Lee,Hope,US,female
elizabethanderson296,elizabethanderson296@yahoo.com,Test123#,Elizabeth,Anderson,Ironia,US,female
josephlee286,josephlee286@orange.net,Test123#,Joseph,Lee,Johnsonburg,US,male
marktaylor213,marktaylor213@gmail.com,Test123#,Mark,Taylor,Kenvil,US,male
susananderson215,susananderson215@yahoo.com,Test123#,Susan,Anderson,Lafayette,US,male
patriciawhite454,patriciawhite454@yahoo.com,Test123#,Patricia,White,Lake Hopatcong,US,male
patriciajackson399,patriciajackson399@orange.net,Test123#,Patricia,Jackson,Landing,US,female
patriciathompson638,patriciathompson638@yahoo.com,Test123#,Patricia,Thompson,Layton,US,female
jenniferjackson335,jenniferjackson335@yahoo.com,Test123#,Jennifer,Jackson,Ledgewood,US,female
barbaramoore275,barbaramoore275@gmail.com,Test123#,Barbara,Moore,Long Valley,US,female
danielthomas729,danielthomas729@orange.net,Test123#,Daniel,Thomas,Middleville,US,female
josephjackson790,josephjackson790@aol.com,Test123#,Joseph,Jackson,Mount Arlington,US,female
barbarathomas113,barbarathomas113@yahoo.com,Test123#,Barbara,Thomas,Netcong,US,male
barbaramartin69,barbaramartin69@aol.com,Test123#,Barbara,Martin,Newton,US,male
elizabethmartin561,elizabethmartin561@yahoo.com,Test123#,Elizabeth,Martin,Oxford,US,male
elizabethmoore103,elizabethmoore103@orange.net,Test123#,Elizabeth,Moore,Port Murray,US,female
josephanderson238,josephanderson238@gmail.com,Test123#,Joseph,Anderson,Rockaway,US,female
markthomas375,markthomas375@orange.net,Test123#,Mark,Thomas,Randolph,US,male
barbarajackson914,barbarajackson914@aol.com,Test123#,Barbara,Jackson,Schooleys Mountain,US,male
josephthompson41,josephthompson41@yahoo.com,Test123#,Joseph,Thompson,Sparta,US,male
elizabethtaylor816,elizabethtaylor816@yahoo.com,Test123#,Elizabeth,Taylor,Stanhope,US,female
barbarawhite238,barbarawhite238@orange.net,Test123#,Barbara,White,Stillwater,US,male
barbarathompson382,barbarathompson382@yahoo.com,Test123#,Barbara,Thompson,Succasunna,US,female
elizabeththomas168,elizabeththomas168@gmail.com,Test123#,Elizabeth,Thomas,Swartswood,US,female
elizabeththompson588,elizabeththompson588@aol.com,Test123#,Elizabeth,Thompson,Mount Tabor,US,female
danieljackson32,danieljackson32@orange.net,Test123#,Daniel,Jackson,Tranquility,US,male
susanwilson122,susanwilson122@yahoo.com,Test123#,Susan,Wilson,Vienna,US,male
elizabethwhite251,elizabethwhite251@orange.net,Test123#,Elizabeth,White,Wallpack Center,US,female
susanmartin364,susanmartin364@yahoo.com,Test123#,Susan,Martin,Washington,US,female
lindagarcia825,lindagarcia825@aol.com,Test123#,Linda,Garcia,Wharton,US,male
susantaylor504,susantaylor504@gmail.com,Test123#,Susan,Taylor,Branchville,US,female
susanlee109,susanlee109@yahoo.com,Test123#,Susan,Lee,Summit,US,female
williamrodriguez728,williamrodriguez728@aol.com,Test123#,William,Rodriguez,Summit,US,female
susanmoore385,susanmoore385@gmail.com,Test123#,Susan,Moore,Basking Ridge,US,female
susanthomas747,susanthomas747@gmail.com,Test123#,Susan,Thomas,Bedminster,US,male
patricialee221,patricialee221@aol.com,Test123#,Patricia,Lee,Berkeley Heights,US,female
lindamartinez149,lindamartinez149@gmail.com,Test123#,Linda,Martinez,Bernardsville,US,male
elizabethlee311,elizabethlee311@orange.net,Test123#,Elizabeth,Lee,Brookside,US,male
susanthompson615,susanthompson615@gmail.com,Test123#,Susan,Thompson,Cedar Knolls,US,female
elizabethjackson774,elizabethjackson774@orange.net,Test123#,Elizabeth,Jackson,Chatham,US,male
jamesgarcia768,jamesgarcia768@orange.net,Test123#,James,Garcia,Chester,US,female
markmoore649,markmoore649@gmail.com,Test123#,Mark,Moore,Far Hills,US,male
markwhite737,markwhite737@aol.com,Test123#,Mark,White,Florham Park,US,female
markjackson665,markjackson665@aol.com,Test123#,Mark,Jackson,Gillette,US,male
barbaralee232,barbaralee232@orange.net,Test123#,Barbara,Lee,Gladstone,US,male
susanwhite603,susanwhite603@aol.com,Test123#,Susan,White,Green Village,US,female
lindarodriguez54,lindarodriguez54@aol.com,Test123#,Linda,Rodriguez,East Hanover,US,male
jamesmartinez408,jamesmartinez408@gmail.com,Test123#,James,Martinez,Liberty Corner,US,male
marklee647,marklee647@yahoo.com,Test123#,Mark,Lee,Lyons,US,male
williammartinez948,williammartinez948@gmail.com,Test123#,William,Martinez,Madison,US,female
williamgarcia85,williamgarcia85@gmail.com,Test123#,William,Garcia,Mendham,US,female
markmartin607,markmartin607@aol.com,Test123#,Mark,Martin,Millington,US,male
jamesrodriguez205,jamesrodriguez205@yahoo.com,Test123#,James,Rodriguez,Greystone Park,US,male
markmartinez839,markmartinez839@gmail.com,Test123#,Mark,Martinez,Morris Plains,US,female
markgarcia108,markgarcia108@aol.com,Test123#,Mark,Garcia,Morristown,US,male
susanjackson612,susanjackson612@aol.com,Test123#,Susan,Jackson,Morristown,US,male
thomasgarcia242,thomasgarcia242@yahoo.com,Test123#,Thomas,Garcia,Morristown,US,male
thomasmartinez755,thomasmartinez755@gmail.com,Test123#,Thomas,Martinez,Morristown,US,female
barbaragarcia208,barbaragarcia208@yahoo.com,Test123#,Barbara,Garcia,Mount Freedom,US,male
barbararodriguez774,barbararodriguez774@gmail.com,Test123#,Barbara,Rodriguez,New Providence,US,male
markrodriguez61,markrodriguez61@yahoo.com,Test123#,Mark,Rodriguez,New Vernon,US,female
barbaramartinez497,barbaramartinez497@aol.com,Test123#,Barbara,Martinez,Peapack,US,male
susangarcia438,susangarcia438@orange.net,Test123#,Susan,Garcia,Pluckemin,US,female
susanmartinez814,susanmartinez814@gmail.com,Test123#,Susan,Martinez,Pottersville,US,female
susanrodriguez57,susanrodriguez57@orange.net,Test123#,Susan,Rodriguez,Stirling,US,female
mariasmith738,mariasmith738@gmail.com,Test123#,Maria,Smith,Whippany,US,female
thomasrodriguez333,thomasrodriguez333@orange.net,Test123#,Thomas,Rodriguez,Whippany,US,male
charlesgarcia343,charlesgarcia343@yahoo.com,Test123#,Charles,Garcia,Whippany,US,female
mariajohnson723,mariajohnson723@orange.net,Test123#,Maria,Johnson,Alloway,US,female
charlesmartinez60,charlesmartinez60@orange.net,Test123#,Charles,Martinez,Cherry Hill,US,male
thomasthomas700,thomasthomas700@aol.com,Test123#,Thomas,Thomas,Cherry Hill,US,female
mariawilliams694,mariawilliams694@orange.net,Test123#,Maria,Williams,Atco,US,female
mariamartin26,mariamartin26@gmail.com,Test123#,Maria,Martin,Barnegat,US,female
charlesrodriguez592,charlesrodriguez592@orange.net,Test123#,Charles,Rodriguez,Barnegat Light,US,male
mariabrown667,mariabrown667@aol.com,Test123#,Maria,Brown,Barrington,US,male
mariajones498,mariajones498@gmail.com,Test123#,Maria,Jones,Beach Haven,US,female
mariamiller920,mariamiller920@orange.net,Test123#,Maria,Miller,Berlin,US,female
mariadavis134,mariadavis134@gmail.com,Test123#,Maria,Davis,Beverly,US,female
mariathomas11,mariathomas11@orange.net,Test123#,Maria,Thomas,Birmingham,US,male
mariawilson886,mariawilson886@yahoo.com,Test123#,Maria,Wilson,Blackwood,US,female
mariaanderson186,mariaanderson186@gmail.com,Test123#,Maria,Anderson,Bridgeport,US,female
marialee759,marialee759@yahoo.com,Test123#,Maria,Lee,Browns Mills,US,female
mariathompson298,mariathompson298@orange.net,Test123#,Maria,Thompson,Burlington,US,male
mariamoore569,mariamoore569@gmail.com,Test123#,Maria,Moore,Cedar Brook,US,male
mariawhite129,mariawhite129@yahoo.com,Test123#,Maria,White,Chatsworth,US,male
mariataylor644,mariataylor644@aol.com,Test123#,Maria,Taylor,Clarksboro,US,male
mariajackson932,mariajackson932@aol.com,Test123#,Maria,Jackson,Clementon,US,male
jamesjohnson667,jamesjohnson667@gmail.com,Test123#,James,Johnson,Bayonne,US,male
michaeljohnson892,michaeljohnson892@aol.com,Test123#,Michael,Johnson,Bloomfield,US,female
williamsmith148,williamsmith148@yahoo.com,Test123#,William,Smith,Fairfield,US,male
davidsmith776,davidsmith776@aol.com,Test123#,David,Smith,Fairfield,US,female
jamesjohnson191,jamesjohnson191@aol.com,Test123#,James,Johnson,Boonton,US,male
michaeljohnson260,michaeljohnson260@aol.com,Test123#,Michael,Johnson,Caldwell,US,male
williamsmith474,williamsmith474@gmail.com,Test123#,William,Smith,Caldwell,US,male
jameswilliams201,jameswilliams201@orange.net,Test123#,James,Williams,Carteret,US,male
robertjohnson797,robertjohnson797@aol.com,Test123#,Robert,Johnson,Cedar Grove,US,female
marysmith795,marysmith795@gmail.com,Test123#,Mary,Smith,Cliffside Park,US,male
jamesbrown399,jamesbrown399@yahoo.com,Test123#,James,Brown,Clifton,US,female
johnsmith585,johnsmith585@aol.com,Test123#,John,Smith,Clifton,US,male
davidjohnson284,davidjohnson284@gmail.com,Test123#,David,Johnson,Clifton,US,female
michaelbrown54,michaelbrown54@orange.net,Test123#,Michael,Brown,Clifton,US,female
mariagarcia195,mariagarcia195@aol.com,Test123#,Maria,Garcia,Clifton,US,male
michaelwilliams839,michaelwilliams839@gmail.com,Test123#,Michael,Williams,Cranford,US,male
michaeljones403,michaeljones403@gmail.com,Test123#,Michael,Jones,East Orange,US,male
jamesjones565,jamesjones565@gmail.com,Test123#,James,Jones,East Orange,US,male
mariarodriguez150,mariarodriguez150@yahoo.com,Test123#,Maria,Rodriguez,East Orange,US,male
robertbrown930,robertbrown930@yahoo.com,Test123#,Robert,Brown,Edgewater,US,male
michaelmiller315,michaelmiller315@yahoo.com,Test123#,Michael,Miller,Essex Fells,US,female
robertjones73,robertjones73@yahoo.com,Test123#,Robert,Jones,Fairview,US,female
robertwilliams813,robertwilliams813@gmail.com,Test123#,Robert,Williams,Fanwood,US,female
williamjohnson936,williamjohnson936@aol.com,Test123#,William,Johnson,Fort Lee,US,male
jamesdavis902,jamesdavis902@yahoo.com,Test123#,James,Davis,Garfield,US,male
maryjohnson638,maryjohnson638@yahoo.com,Test123#,Mary,Johnson,Garwood,US,male
mariamartinez105,mariamartinez105@gmail.com,Test123#,Maria,Martinez,Glen Ridge,US,male
charlessmith438,charlessmith438@yahoo.com,Test123#,Charles,Smith,Harrison,US,female
davidbrown426,davidbrown426@orange.net,Test123#,David,Brown,Hoboken,US,female
robertmiller615,robertmiller615@aol.com,Test123#,Robert,Miller,North Arlington,US,female
jamesmiller722,jamesmiller722@aol.com,Test123#,James,Miller,Kearny,US,female
johnwilliams95,johnwilliams95@orange.net,Test123#,John,Williams,Kenilworth,US,female
richardsmith672,richardsmith672@yahoo.com,Test123#,Richard,Smith,Lake Hiawatha,US,male
davidwilliams638,davidwilliams638@orange.net,Test123#,David,Williams,Lincoln Park,US,male
davidjones271,davidjones271@gmail.com,Test123#,David,Jones,Linden,US,male
michaeldavis615,michaeldavis615@gmail.com,Test123#,Michael,Davis,Livingston,US,female
williambrown204,williambrown204@aol.com,Test123#,William,Brown,Maplewood,US,female
davidmiller442,davidmiller442@gmail.com,Test123#,David,Miller,Millburn,US,female
marywilliams769,marywilliams769@gmail.com,Test123#,Mary,Williams,Montclair,US,female
jennifersmith418,jennifersmith418@orange.net,Test123#,Jennifer,Smith,Montclair,US,male
williamjones13,williamjones13@yahoo.com,Test123#,William,Jones,Verona,US,male
johnjohnson83,johnjohnson83@orange.net,Test123#,John,Johnson,Montville,US,male
johnmiller240,johnmiller240@yahoo.com,Test123#,John,Miller,Mountain Lakes,US,male
danielsmith242,danielsmith242@aol.com,Test123#,Daniel,Smith,North Bergen,US,female
thomassmith396,thomassmith396@orange.net,Test123#,Thomas,Smith,Orange,US,female
lindasmith262,lindasmith262@aol.com,Test123#,Linda,Smith,Orange,US,male
jameswilson1,jameswilson1@aol.com,Test123#,James,Wilson,West Orange,US,male
robertdavis477,robertdavis477@orange.net,Test123#,Robert,Davis,Parsippany,US,female
marybrown934,marybrown934@yahoo.com,Test123#,Mary,Brown,Passaic,US,female
maryjones569,maryjones569@aol.com,Test123#,Mary,Jones,Wallington,US,male
patriciasmith135,patriciasmith135@yahoo.com,Test123#,Patricia,Smith,Pine Brook,US,male
jamesmoore993,jamesmoore993@gmail.com,Test123#,James,Moore,Warren,US,male
jamestaylor387,jamestaylor387@gmail.com,Test123#,James,Taylor,Plainfield,US,female
williammiller853,williammiller853@aol.com,Test123#,William,Miller,Plainfield,US,male
johndavis7,johndavis7@orange.net,Test123#,John,Davis,Plainfield,US,female
charlesjohnson528,charlesjohnson528@yahoo.com,Test123#,Charles,Johnson,Plainfield,US,male
williamdavis61,williamdavis61@orange.net,Test123#,William,Davis,Port Reading,US,female
johnjones154,johnjones154@orange.net,Test123#,John,Jones,Rahway,US,male
richardjohnson141,richardjohnson141@orange.net,Test123#,Richard,Johnson,Clark,US,female
jamesanderson554,jamesanderson554@gmail.com,Test123#,James,Anderson,Colonia,US,female
roberttaylor352,roberttaylor352@aol.com,Test123#,Robert,Taylor,Roseland,US,male
barbarasmith677,barbarasmith677@yahoo.com,Test123#,Barbara,Smith,Watchung,US,male
michaelmoore105,michaelmoore105@aol.com,Test123#,Michael,Moore,Rutherford,US,male
jamesmartin803,jamesmartin803@aol.com,Test123#,James,Martin,Lyndhurst,US,male
michaelwilson652,michaelwilson652@orange.net,Test123#,Michael,Wilson,Carlstadt,US,male
jamesthomas190,jamesthomas190@yahoo.com,Test123#,James,Thomas,East Rutherford,US,female
josephsmith510,josephsmith510@gmail.com,Test123#,Joseph,Smith,Moonachie,US,female
jameswhite633,jameswhite633@yahoo.com,Test123#,James,White,Wood Ridge,US,female
marymiller474,marymiller474@gmail.com,Test123#,Mary,Miller,Scotch Plains,US,male
robertanderson532,robertanderson532@yahoo.com,Test123#,Robert,Anderson,Sewaren,US,male
robertwilson191,robertwilson191@aol.com,Test123#,Robert,Wilson,Short Hills,US,male
charleswilliams385,charleswilliams385@gmail.com,Test123#,Charles,Williams,South Orange,US,female
jenniferjohnson515,jenniferjohnson515@yahoo.com,Test123#,Jennifer,Johnson,South Plainfield,US,female
michaelanderson329,michaelanderson329@aol.com,Test123#,Michael,Anderson,Springfield,US,female
johnbrown477,johnbrown477@yahoo.com,Test123#,John,Brown,Towaco,US,male
michaelmartin629,michaelmartin629@yahoo.com,Test123#,Michael,Martin,Union,US,male
jamesthompson352,jamesthompson352@aol.com,Test123#,James,Thompson,Weehawken,US,female
marksmith113,marksmith113@yahoo.com,Test123#,Mark,Smith,Union City,US,male
michaelthomas805,michaelthomas805@orange.net,Test123#,Michael,Thomas,Vauxhall,US,male
davidanderson531,davidanderson531@gmail.com,Test123#,David,Anderson,Westfield,US,female
lindajohnson677,lindajohnson677@aol.com,Test123#,Linda,Johnson,Westfield,US,male
elizabethsmith917,elizabethsmith917@aol.com,Test123#,Elizabeth,Smith,Mountainside,US,male
marydavis472,marydavis472@orange.net,Test123#,Mary,Davis,West New York,US,male
jamesjackson579,jamesjackson579@orange.net,Test123#,James,Jackson,Secaucus,US,male
michaeltaylor391,michaeltaylor391@orange.net,Test123#,Michael,Taylor,Woodbridge,US,female
charlesbrown610,charlesbrown610@orange.net,Test123#,Charles,Brown,Secaucus,US,female
danielgarcia496,danielgarcia496@orange.net,Test123#,Daniel,Garcia,Jersey City,US,male
jameslee7,jameslee7@gmail.com,Test123#,James,Lee,Kearny,US,male
michaelthompson755,michaelthompson755@aol.com,Test123#,Michael,Thompson,Newark,US,female
danieljohnson756,danieljohnson756@orange.net,Test123#,Daniel,Johnson,Newark,US,male
davidwilson128,davidwilson128@aol.com,Test123#,David,Wilson,Newark,US,male
thomasjohnson463,thomasjohnson463@aol.com,Test123#,Thomas,Johnson,Newark,US,female
johnanderson556,johnanderson556@aol.com,Test123#,John,Anderson,Newark,US,female
robertmoore418,robertmoore418@gmail.com,Test123#,Robert,Moore,Newark,US,female
johnwilson25,johnwilson25@orange.net,Test123#,John,Wilson,Newark,US,female
richardbrown40,richardbrown40@aol.com,Test123#,Richard,Brown,Newark,US,male
charlesjones139,charlesjones139@yahoo.com,Test123#,Charles,Jones,Belleville,US,male
markjohnson813,markjohnson813@aol.com,Test123#,Mark,Johnson,Nutley,US,male
robertlee500,robertlee500@aol.com,Test123#,Robert,Lee,Irvington,US,female
patriciajohnson92,patriciajohnson92@yahoo.com,Test123#,Patricia,Johnson,Newark,US,female
michaellee404,michaellee404@aol.com,Test123#,Michael,Lee,Newark,US,female
davidgarcia185,davidgarcia185@aol.com,Test123#,David,Garcia,Newark,US,male
robertmartin820,robertmartin820@yahoo.com,Test123#,Robert,Martin,Newark,US,male
jenniferjones657,jenniferjones657@gmail.com,Test123#,Jennifer,Jones,Newark,US,male
danielmartinez798,danielmartinez798@aol.com,Test123#,Daniel,Martinez,Newark,US,female
johnthomas775,johnthomas775@yahoo.com,Test123#,John,Thomas,Newark,US,male
johnmartin160,johnmartin160@orange.net,Test123#,John,Martin,Newark,US,female
richardmiller626,richardmiller626@aol.com,Test123#,Richard,Miller,Newark,US,male
michaelwhite342,michaelwhite342@orange.net,Test123#,Michael,White,Newark,US,female
robertthomas453,robertthomas453@aol.com,Test123#,Robert,Thomas,Newark,US,female
barbarajohnson101,barbarajohnson101@aol.com,Test123#,Barbara,Johnson,Newark,US,male
susansmith34,susansmith34@yahoo.com,Test123#,Susan,Smith,Newark,US,female
robertthompson627,robertthompson627@yahoo.com,Test123#,Robert,Thompson,Newark,US,female
danielrodriguez520,danielrodriguez520@gmail.com,Test123#,Daniel,Rodriguez,Elizabeth,US,male
robertwhite35,robertwhite35@aol.com,Test123#,Robert,White,Elizabeth,US,male
williamwilson245,williamwilson245@gmail.com,Test123#,William,Wilson,Roselle,US,female
davidlee388,davidlee388@gmail.com,Test123#,David,Lee,Roselle Park,US,male
richardjones367,richardjones367@orange.net,Test123#,Richard,Jones,Hillside,US,female
johntaylor316,johntaylor316@yahoo.com,Test123#,John,Taylor,Elizabeth,US,male
johnmoore709,johnmoore709@yahoo.com,Test123#,John,Moore,Elizabeth,US,male
thomasbrown406,thomasbrown406@orange.net,Test123#,Thomas,Brown,Elizabeth,US,male
richardwilliams906,richardwilliams906@orange.net,Test123#,Richard,Williams,Jersey City,US,female
williamtaylor594,williamtaylor594@yahoo.com,Test123#,William,Taylor,Jersey City,US,male
davidmartin187,davidmartin187@yahoo.com,Test123#,David,Martin,Jersey City,US,male
davidmartinez940,davidmartinez940@aol.com,Test123#,David,Martinez,Jersey City,US,female
williammoore52,williammoore52@gmail.com,Test123#,William,Moore,Jersey City,US,female
davidrodriguez81,davidrodriguez81@gmail.com,Test123#,David,Rodriguez,Jersey City,US,female
thomaswilliams901,thomaswilliams901@gmail.com,Test123#,Thomas,Williams,Jersey City,US,male
lindawilliams735,lindawilliams735@yahoo.com,Test123#,Linda,Williams,Jersey City,US,female
davidmoore631,davidmoore631@orange.net,Test123#,David,Moore,Jersey City,US,female
danielmiller328,danielmiller328@orange.net,Test123#,Daniel,Miller,Jersey City,US,female
williammartin177,williammartin177@yahoo.com,Test123#,William,Martin,Jersey City,US,male
josephjohnson958,josephjohnson958@gmail.com,Test123#,Joseph,Johnson,Jersey City,US,male
davidwhite251,davidwhite251@gmail.com,Test123#,David,White,Allendale,US,female
michaeljackson241,michaeljackson241@aol.com,Test123#,Michael,Jackson,Bloomingdale,US,female
charlesdavis929,charlesdavis929@orange.net,Test123#,Charles,Davis,Butler,US,female
williamwhite376,williamwhite376@gmail.com,Test123#,William,White,Elmwood Park,US,male
patriciawilliams49,patriciawilliams49@orange.net,Test123#,Patricia,Williams,Fair Lawn,US,female
thomasjones842,thomasjones842@gmail.com,Test123#,Thomas,Jones,Franklin,US,female
davidthomas544,davidthomas544@orange.net,Test123#,David,Thomas,Franklin Lakes,US,male
williamthomas664,williamthomas664@orange.net,Test123#,William,Thomas,Glenwood,US,female
jenniferbrown470,jenniferbrown470@orange.net,Test123#,Jennifer,Brown,Hamburg,US,male
johnthompson996,johnthompson996@yahoo.com,Test123#,John,Thompson,Haskell,US,female
charlesmiller124,charlesmiller124@gmail.com,Test123#,Charles,Miller,Hewitt,US,male
robertjackson370,robertjackson370@gmail.com,Test123#,Robert,Jackson,Highland Lakes,US,male
davidthompson754,davidthompson754@orange.net,Test123#,David,Thompson,Ho Ho Kus,US,female
elizabethjohnson518,elizabethjohnson518@yahoo.com,Test123#,Elizabeth,Johnson,Little Falls,US,female
marywilson712,marywilson712@gmail.com,Test123#,Mary,Wilson,Mc Afee,US,male
davidtaylor874,davidtaylor874@aol.com,Test123#,David,Taylor,Mahwah,US,female
johnlee407,johnlee407@yahoo.com,Test123#,John,Lee,Midland Park,US,female
jenniferwilliams142,jenniferwilliams142@aol.com,Test123#,Jennifer,Williams,Newfoundland,US,female
johnwhite94,johnwhite94@aol.com,Test123#,John,White,Oakland,US,male
michaelgarcia830,michaelgarcia830@yahoo.com,Test123#,Michael,Garcia,Oak Ridge,US,female
lindajones760,lindajones760@aol.com,Test123#,Linda,Jones,Ogdensburg,US,female
josephwilliams840,josephwilliams840@yahoo.com,Test123#,Joseph,Williams,Pequannock,US,female
lindabrown368,lindabrown368@yahoo.com,Test123#,Linda,Brown,Pompton Lakes,US,male
williamthompson886,williamthompson886@gmail.com,Test123#,William,Thompson,Pompton Plains,US,female
thomasmiller833,thomasmiller833@orange.net,Test123#,Thomas,Miller,Ramsey,US,female
maryanderson491,maryanderson491@aol.com,Test123#,Mary,Anderson,Ridgewood,US,male
patriciabrown231,patriciabrown231@yahoo.com,Test123#,Patricia,Brown,Ridgewood,US,male
richarddavis454,richarddavis454@orange.net,Test123#,Richard,Davis,Glen Rock,US,female
danielbrown240,danielbrown240@aol.com,Test123#,Daniel,Brown,Ringwood,US,female
williamanderson879,williamanderson879@gmail.com,Test123#,William,Anderson,Riverdale,US,female
jennifermiller64,jennifermiller64@aol.com,Test123#,Jennifer,Miller,Saddle River,US,male
marythomas239,marythomas239@yahoo.com,Test123#,Mary,Thomas,Stockholm,US,female
marymoore190,marymoore190@aol.com,Test123#,Mary,Moore,Sussex,US,female
patriciajones440,patriciajones440@gmail.com,Test123#,Patricia,Jones,Vernon,US,male
marymartin835,marymartin835@aol.com,Test123#,Mary,Martin,Waldwick,US,female
barbarawilliams113,barbarawilliams113@orange.net,Test123#,Barbara,Williams,Wanaque,US,male
danielwilliams426,danielwilliams426@aol.com,Test123#,Daniel,Williams,Wayne,US,female
josephbrown551,josephbrown551@yahoo.com,Test123#,Joseph,Brown,Wayne,US,female
marytaylor519,marytaylor519@orange.net,Test123#,Mary,Taylor,Wayne,US,male
michaelmartinez433,michaelmartinez433@orange.net,Test123#,Michael,Martinez,West Milford,US,female
barbarabrown46,barbarabrown46@orange.net,Test123#,Barbara,Brown,Wyckoff,US,male
williamjackson155,williamjackson155@gmail.com,Test123#,William,Jackson,Mahwah,US,female
markmiller686,markmiller686@gmail.com,Test123#,Mark,Miller,Paterson,US,female
lindamiller228,lindamiller228@yahoo.com,Test123#,Linda,Miller,Paterson,US,male
josephmiller132,josephmiller132@aol.com,Test123#,Joseph,Miller,Paterson,US,female
marywhite171,marywhite171@gmail.com,Test123#,Mary,White,Paterson,US,male
daviddavis110,daviddavis110@aol.com,Test123#,David,Davis,Paterson,US,male
danieljones489,danieljones489@yahoo.com,Test123#,Daniel,Jones,Hawthorne,US,female
davidjackson927,davidjackson927@yahoo.com,Test123#,David,Jackson,Hawthorne,US,female
marythompson309,marythompson309@aol.com,Test123#,Mary,Thompson,Haledon,US,female
markwilliams642,markwilliams642@gmail.com,Test123#,Mark,Williams,Paterson,US,male
susanjohnson701,susanjohnson701@gmail.com,Test123#,Susan,Johnson,Paterson,US,male
barbarajones309,barbarajones309@orange.net,Test123#,Barbara,Jones,Totowa,US,female
maryjackson701,maryjackson701@orange.net,Test123#,Mary,Jackson,Totowa,US,male
jenniferdavis614,jenniferdavis614@aol.com,Test123#,Jennifer,Davis,Paterson,US,female
patriciamiller881,patriciamiller881@aol.com,Test123#,Patricia,Miller,Paterson,US,male
lindadavis202,lindadavis202@orange.net,Test123#,Linda,Davis,Paterson,US,female
thomasdavis866,thomasdavis866@aol.com,Test123#,Thomas,Davis,Paterson,US,female
richardanderson979,richardanderson979@gmail.com,Test123#,Richard,Anderson,Paterson,US,male
elizabethgarcia165,elizabethgarcia165@orange.net,Test123#,Elizabeth,Garcia,Haledon,US,male
charleswilson302,charleswilson302@gmail.com,Test123#,Charles,Wilson,Paterson,US,male
elizabethrodriguez453,elizabethrodriguez453@orange.net,Test123#,Elizabeth,Rodriguez,Paterson,US,male
robertgarcia287,robertgarcia287@yahoo.com,Test123#,Robert,Garcia,Hackensack,US,female
johnjackson526,johnjackson526@gmail.com,Test123#,John,Jackson,Hackensack,US,female
